{
  "symbol_task": "TSLA_direction",
  "shap_values": [
    -0.04407798871397972,
    -0.056719131767749786,
    -0.24322929978370667,
    -0.09529117494821548,
    -0.002316189929842949,
    0.021718081086874008,
    -0.010110463947057724,
    -0.6459347605705261,
    -0.17884790897369385,
    -0.12153410166501999,
    0.14748238027095795,
    -0.3545750081539154,
    0.23077164590358734,
    0.06948669254779816,
    0.004650751128792763,
    0.04074637591838837,
    0.09547518193721771,
    -0.0187847763299942,
    -0.01899348571896553,
    -0.01178673468530178,
    -0.011391321197152138,
    0.0194358192384243,
    -0.0983717143535614,
    0.026316901668906212,
    -0.13106884062290192,
    -0.3951396644115448,
    0.3195347189903259,
    0.2846039831638336,
    -0.08396109938621521,
    0.028200890868902206,
    -0.016671396791934967,
    -0.01868647336959839,
    -0.07133188098669052,
    0.017984244972467422,
    -0.027489904314279556,
    0.07785614579916,
    0.03780118003487587,
    -0.010264020413160324,
    -0.004107717424631119,
    0.010207527317106724,
    -0.13965022563934326,
    -0.0074610779993236065,
    0.07972701638936996,
    -0.027663644403219223,
    0.1842382848262787,
    -0.00954615231603384,
    0.23879458010196686,
    0.09216534346342087,
    0.2699926793575287,
    0.09957806020975113,
    0.00014019278751220554,
    -0.041410405188798904,
    0.014470814727246761,
    -0.10150372982025146,
    0.05972839891910553,
    0.07641962170600891
  ],
  "feature_names": [
    "open",
    "high",
    "low",
    "close",
    "volume",
    "return_1d",
    "log_return",
    "sma_5",
    "volatility_5",
    "sma_10",
    "volatility_10",
    "sma_20",
    "volatility_20",
    "return_lag_1",
    "return_lag_2",
    "return_lag_3",
    "return_lag_4",
    "return_lag_5",
    "hl_range",
    "oc_return",
    "mom_5",
    "mom_10",
    "mom_20",
    "rsi_14",
    "ema_12",
    "ema_26",
    "macd",
    "macd_signal",
    "macd_hist",
    "bb_width_20",
    "atr_14",
    "atrp_14",
    "vol_z_20",
    "ret_std_20",
    "ret_mean_20",
    "mkt_return_1d",
    "mkt_log_return",
    "mkt_mom_5",
    "mkt_mom_10",
    "mkt_mom_20",
    "mkt_vol_20",
    "vix_level",
    "vix_return_1d",
    "vix_change_1d",
    "irx_level",
    "irx_change_1d",
    "tnx_level",
    "tnx_change_1d",
    "corr_mkt_60",
    "beta_mkt_60",
    "mkt_trend_20",
    "mkt_risk_20",
    "vix_log",
    "vix_z_60",
    "vix_x_mktret",
    "yc_slope"
  ],
  "base_value": 0.18210510909557343,
  "generated_at": "2026-06-22T15:34:55.498703+00:00"
}